"0","#Rename column name to country"
"0","colnames(share_population)[1] <- ""country"""
"0","colnames(corruption_index)[1] <- ""country"""
"0","colnames(gdp)[1] <- ""country"""
"0","colnames(literacy_rate)[1] <- ""country"""
"0",""
"0","#Rename column name "
"0","colnames(share_population)[2] <- ""Share of population below poverty line"""
"0","colnames(corruption_index)[2] <- ""Corruption index"""
"0","colnames(dependency_ratio)[2] <- ""Age dependency ratio (% of working age population)"""
"0","colnames(arable_land)[2] <- ""Arable land (% of land area)"""
"0","colnames(electricity)[2] <- ""Access to electricity (% of population)"""
"0","colnames(water_productivity)[2] <- ""Annual freshwater withdrawals (billion cubic metres)"""
"0","colnames(gov_expenditure)[2] <- ""Government expenditure on education (% of GDP)"""
"0","colnames(gdp)[2] <- ""GDP per capita"""
