"0","#Import GDP dataset from our world in data"
"0","gdp_data <- read_csv(""Data/gdp-per-capita-worldbank.csv"")"
"1","[1mRows: [22m[34m6166[39m [1mColumns: [22m[34m4[39m
"
"1","[36m──[39m [1mColumn specification[22m [36m───────────────────────────────────────────────────────────────[39m
[1mDelimiter:[22m "",""
[31mchr[39m (2): Entity, Code
[32mdbl[39m (2): Year, GDP per capita, PPP (constant 2017 international $)
"
"1","
[36mℹ[39m Use `spec()` to retrieve the full column specification for this data.
[36mℹ[39m Specify the column types or set `show_col_types = FALSE` to quiet this message.
"
"0","#As 2018 has too many missing value, thus, we use 2016 data to prevent any inaccurate result or bias"
"0","gdp <- gdp_data %>%"
"0","  filter(Year == 2018) %>%"
"0","  select(Entity,'GDP per capita, PPP (constant 2017 international $)' )"
