{"chunk_definitions":[{"row":9,"row_count":1,"visible":true,"expansion_state":0,"options":{"engine":"r","label":"setup","include":false},"document_id":"F44505E1","chunk_id":"csetup_chunk","chunk_label":"setup"},{"row":14,"row_count":1,"visible":true,"expansion_state":0,"options":{"engine":"r","label":"unnamed-chunk-55"},"document_id":"F44505E1","chunk_id":"c6ogr12uuiymc","chunk_label":"unnamed-chunk-1"},{"row":19,"row_count":1,"visible":true,"expansion_state":0,"options":{"engine":"r","label":"unnamed-chunk-56"},"document_id":"F44505E1","chunk_id":"cgt1w827vbz1n","chunk_label":"unnamed-chunk-2"},{"row":29,"row_count":1,"visible":true,"expansion_state":0,"options":{"engine":"r","label":"unnamed-chunk-57"},"document_id":"F44505E1","chunk_id":"c8psqw2hejgja","chunk_label":"unnamed-chunk-3"},{"row":36,"row_count":1,"visible":true,"expansion_state":0,"options":{"engine":"r","label":"unnamed-chunk-58"},"document_id":"F44505E1","chunk_id":"c5hsol5u1dvaw","chunk_label":"unnamed-chunk-4"},{"row":68,"row_count":1,"visible":true,"expansion_state":0,"options":{"engine":"r","label":"unnamed-chunk-61"},"document_id":"F44505E1","chunk_id":"cevageh2s3j88","chunk_label":"unnamed-chunk-7"},{"row":89,"row_count":1,"visible":true,"expansion_state":0,"options":{"engine":"r","label":"unnamed-chunk-63"},"document_id":"F44505E1","chunk_id":"cetn8dk1p336n","chunk_label":"unnamed-chunk-9"},{"row":101,"row_count":1,"visible":true,"expansion_state":0,"options":{"engine":"r","label":"unnamed-chunk-64"},"document_id":"F44505E1","chunk_id":"cabks06m45ypy","chunk_label":"unnamed-chunk-10"},{"row":111,"row_count":1,"visible":true,"expansion_state":0,"options":{"engine":"r","label":"unnamed-chunk-65"},"document_id":"F44505E1","chunk_id":"clrctjkfqzuod","chunk_label":"unnamed-chunk-11"},{"row":123,"row_count":1,"visible":true,"expansion_state":0,"options":{"engine":"r","label":"unnamed-chunk-66"},"document_id":"F44505E1","chunk_id":"clkdsu44eh7cp","chunk_label":"unnamed-chunk-12"},{"row":151,"row_count":1,"visible":true,"expansion_state":0,"options":{"engine":"r","label":"unnamed-chunk-156"},"document_id":"F44505E1","chunk_id":"ccnvfxsva5hcm","chunk_label":"unnamed-chunk-14"},{"row":164,"row_count":1,"visible":true,"expansion_state":0,"options":{"engine":"r","label":"unnamed-chunk-157"},"document_id":"F44505E1","chunk_id":"cvjia42q7j8zc","chunk_label":"unnamed-chunk-15"},{"row":170,"row_count":1,"visible":true,"expansion_state":0,"options":{"engine":"r","label":"unnamed-chunk-158"},"document_id":"F44505E1","chunk_id":"ctamnde5ewjt3","chunk_label":"unnamed-chunk-16"},{"row":176,"row_count":1,"visible":true,"expansion_state":0,"options":{"engine":"r","label":"unnamed-chunk-159"},"document_id":"F44505E1","chunk_id":"cpjbjva8tnolw","chunk_label":"unnamed-chunk-17"},{"row":180,"row_count":1,"visible":true,"expansion_state":0,"options":{"engine":"r","label":"unnamed-chunk-146"},"document_id":"F44505E1","chunk_id":"cyo8zq5q5vp3m","chunk_label":"unnamed-chunk-18"}],"doc_write_time":1666147228,"working_dir":null,"default_chunk_options":{"echo":true},"chunk_rendered_width":653}