"","...1","Entity","Code","Year","Corruption Perception Index - Transparency International (2018)"
"1",1,"Afghanistan","AFG",2012,8
"2",2,"Afghanistan","AFG",2013,8
"3",3,"Afghanistan","AFG",2014,12
"4",4,"Afghanistan","AFG",2015,11
"5",5,"Afghanistan","AFG",2016,15
"6",6,"Afghanistan","AFG",2017,15
"7",7,"Afghanistan","AFG",2018,16
"8",8,"Albania","ALB",2012,33
"9",9,"Albania","ALB",2013,31
"10",10,"Albania","ALB",2014,33
"11",11,"Albania","ALB",2015,36
"12",12,"Albania","ALB",2016,39
"13",13,"Albania","ALB",2017,38
"14",14,"Albania","ALB",2018,36
"15",15,"Algeria","DZA",2012,34
"16",16,"Algeria","DZA",2013,36
"17",17,"Algeria","DZA",2014,36
"18",18,"Algeria","DZA",2015,36
"19",19,"Algeria","DZA",2016,34
"20",20,"Algeria","DZA",2017,33
"21",21,"Algeria","DZA",2018,35
"22",22,"Angola","AGO",2012,22
"23",23,"Angola","AGO",2013,23
"24",24,"Angola","AGO",2014,19
"25",25,"Angola","AGO",2015,15
"26",26,"Angola","AGO",2016,18
"27",27,"Angola","AGO",2017,19
"28",28,"Angola","AGO",2018,19
"29",29,"Argentina","ARG",2012,35
"30",30,"Argentina","ARG",2013,34
"31",31,"Argentina","ARG",2014,34
"32",32,"Argentina","ARG",2015,32
"33",33,"Argentina","ARG",2016,36
"34",34,"Argentina","ARG",2017,39
"35",35,"Argentina","ARG",2018,40
"36",36,"Armenia","ARM",2012,34
"37",37,"Armenia","ARM",2013,36
"38",38,"Armenia","ARM",2014,37
"39",39,"Armenia","ARM",2015,35
"40",40,"Armenia","ARM",2016,33
"41",41,"Armenia","ARM",2017,35
"42",42,"Armenia","ARM",2018,35
"43",43,"Australia","AUS",2012,85
"44",44,"Australia","AUS",2013,81
"45",45,"Australia","AUS",2014,80
"46",46,"Australia","AUS",2015,79
"47",47,"Australia","AUS",2016,79
"48",48,"Australia","AUS",2017,77
"49",49,"Australia","AUS",2018,77
"50",50,"Austria","AUT",2012,69
"51",51,"Austria","AUT",2013,69
"52",52,"Austria","AUT",2014,72
"53",53,"Austria","AUT",2015,76
"54",54,"Austria","AUT",2016,75
"55",55,"Austria","AUT",2017,75
"56",56,"Austria","AUT",2018,76
"57",57,"Azerbaijan","AZE",2012,27
"58",58,"Azerbaijan","AZE",2013,28
"59",59,"Azerbaijan","AZE",2014,29
"60",60,"Azerbaijan","AZE",2015,29
"61",61,"Azerbaijan","AZE",2016,30
"62",62,"Azerbaijan","AZE",2017,31
"63",63,"Azerbaijan","AZE",2018,25
"64",64,"Bahamas","BHS",2012,71
"65",65,"Bahamas","BHS",2013,71
"66",66,"Bahamas","BHS",2014,71
"67",67,"Bahamas","BHS",2016,66
"68",68,"Bahamas","BHS",2017,65
"69",69,"Bahamas","BHS",2018,65
"70",70,"Bahrain","BHR",2012,51
"71",71,"Bahrain","BHR",2013,48
"72",72,"Bahrain","BHR",2014,49
"73",73,"Bahrain","BHR",2015,51
"74",74,"Bahrain","BHR",2016,43
"75",75,"Bahrain","BHR",2017,36
"76",76,"Bahrain","BHR",2018,36
"77",77,"Bangladesh","BGD",2012,26
"78",78,"Bangladesh","BGD",2013,27
"79",79,"Bangladesh","BGD",2014,25
"80",80,"Bangladesh","BGD",2015,25
"81",81,"Bangladesh","BGD",2016,26
"82",82,"Bangladesh","BGD",2017,28
"83",83,"Bangladesh","BGD",2018,26
"84",84,"Barbados","BRB",2012,76
"85",85,"Barbados","BRB",2013,75
"86",86,"Barbados","BRB",2014,74
"87",87,"Barbados","BRB",2016,61
"88",88,"Barbados","BRB",2017,68
"89",89,"Barbados","BRB",2018,68
"90",90,"Belarus","BLR",2012,31
"91",91,"Belarus","BLR",2013,29
"92",92,"Belarus","BLR",2014,31
"93",93,"Belarus","BLR",2015,32
"94",94,"Belarus","BLR",2016,40
"95",95,"Belarus","BLR",2017,44
"96",96,"Belarus","BLR",2018,44
"97",97,"Belgium","BEL",2012,75
"98",98,"Belgium","BEL",2013,75
"99",99,"Belgium","BEL",2014,76
"100",100,"Belgium","BEL",2015,77
"101",101,"Belgium","BEL",2016,77
"102",102,"Belgium","BEL",2017,75
"103",103,"Belgium","BEL",2018,75
"104",104,"Benin","BEN",2012,36
"105",105,"Benin","BEN",2013,36
"106",106,"Benin","BEN",2014,39
"107",107,"Benin","BEN",2015,37
"108",108,"Benin","BEN",2016,36
"109",109,"Benin","BEN",2017,39
"110",110,"Benin","BEN",2018,40
"111",111,"Bhutan","BTN",2012,63
"112",112,"Bhutan","BTN",2013,63
"113",113,"Bhutan","BTN",2014,65
"114",114,"Bhutan","BTN",2015,65
"115",115,"Bhutan","BTN",2016,65
"116",116,"Bhutan","BTN",2017,67
"117",117,"Bhutan","BTN",2018,68
"118",118,"Bolivia","BOL",2012,34
"119",119,"Bolivia","BOL",2013,34
"120",120,"Bolivia","BOL",2014,35
"121",121,"Bolivia","BOL",2015,34
"122",122,"Bolivia","BOL",2016,33
"123",123,"Bolivia","BOL",2017,33
"124",124,"Bolivia","BOL",2018,29
"125",125,"Bosnia and Herzegovina","BIH",2012,42
"126",126,"Bosnia and Herzegovina","BIH",2013,42
"127",127,"Bosnia and Herzegovina","BIH",2014,39
"128",128,"Bosnia and Herzegovina","BIH",2015,38
"129",129,"Bosnia and Herzegovina","BIH",2016,39
"130",130,"Bosnia and Herzegovina","BIH",2017,38
"131",131,"Bosnia and Herzegovina","BIH",2018,38
"132",132,"Botswana","BWA",2012,65
"133",133,"Botswana","BWA",2013,64
"134",134,"Botswana","BWA",2014,63
"135",135,"Botswana","BWA",2015,63
"136",136,"Botswana","BWA",2016,60
"137",137,"Botswana","BWA",2017,61
"138",138,"Botswana","BWA",2018,61
"139",139,"Brazil","BRA",2012,43
"140",140,"Brazil","BRA",2013,42
"141",141,"Brazil","BRA",2014,43
"142",142,"Brazil","BRA",2015,38
"143",143,"Brazil","BRA",2016,40
"144",144,"Brazil","BRA",2017,37
"145",145,"Brazil","BRA",2018,35
"146",146,"Brunei","BRN",2012,55
"147",147,"Brunei","BRN",2013,60
"148",148,"Brunei","BRN",2016,58
"149",149,"Brunei","BRN",2017,62
"150",150,"Brunei","BRN",2018,63
"151",151,"Bulgaria","BGR",2012,41
"152",152,"Bulgaria","BGR",2013,41
"153",153,"Bulgaria","BGR",2014,43
"154",154,"Bulgaria","BGR",2015,41
"155",155,"Bulgaria","BGR",2016,41
"156",156,"Bulgaria","BGR",2017,43
"157",157,"Bulgaria","BGR",2018,42
"158",158,"Burkina Faso","BFA",2012,38
"159",159,"Burkina Faso","BFA",2013,38
"160",160,"Burkina Faso","BFA",2014,38
"161",161,"Burkina Faso","BFA",2015,38
"162",162,"Burkina Faso","BFA",2016,42
"163",163,"Burkina Faso","BFA",2017,42
"164",164,"Burkina Faso","BFA",2018,41
"165",165,"Burundi","BDI",2012,19
"166",166,"Burundi","BDI",2013,21
"167",167,"Burundi","BDI",2014,20
"168",168,"Burundi","BDI",2015,21
"169",169,"Burundi","BDI",2016,20
"170",170,"Burundi","BDI",2017,22
"171",171,"Burundi","BDI",2018,17
"172",172,"Cambodia","KHM",2012,22
"173",173,"Cambodia","KHM",2013,20
"174",174,"Cambodia","KHM",2014,21
"175",175,"Cambodia","KHM",2015,21
"176",176,"Cambodia","KHM",2016,21
"177",177,"Cambodia","KHM",2017,21
"178",178,"Cambodia","KHM",2018,20
"179",179,"Cameroon","CMR",2012,26
"180",180,"Cameroon","CMR",2013,25
"181",181,"Cameroon","CMR",2014,27
"182",182,"Cameroon","CMR",2015,27
"183",183,"Cameroon","CMR",2016,26
"184",184,"Cameroon","CMR",2017,25
"185",185,"Cameroon","CMR",2018,25
"186",186,"Canada","CAN",2012,84
"187",187,"Canada","CAN",2013,81
"188",188,"Canada","CAN",2014,81
"189",189,"Canada","CAN",2015,83
"190",190,"Canada","CAN",2016,82
"191",191,"Canada","CAN",2017,82
"192",192,"Canada","CAN",2018,81
"193",193,"Cape Verde","CPV",2012,60
"194",194,"Cape Verde","CPV",2013,58
"195",195,"Cape Verde","CPV",2014,57
"196",196,"Cape Verde","CPV",2015,55
"197",197,"Cape Verde","CPV",2016,59
"198",198,"Cape Verde","CPV",2017,55
"199",199,"Cape Verde","CPV",2018,57
"200",200,"Central African Republic","CAF",2012,26
"201",201,"Central African Republic","CAF",2013,25
"202",202,"Central African Republic","CAF",2014,24
"203",203,"Central African Republic","CAF",2015,24
"204",204,"Central African Republic","CAF",2016,20
"205",205,"Central African Republic","CAF",2017,23
"206",206,"Central African Republic","CAF",2018,26
"207",207,"Chad","TCD",2012,19
"208",208,"Chad","TCD",2013,19
"209",209,"Chad","TCD",2014,22
"210",210,"Chad","TCD",2015,22
"211",211,"Chad","TCD",2016,20
"212",212,"Chad","TCD",2017,20
"213",213,"Chad","TCD",2018,19
"214",214,"Chile","CHL",2012,72
"215",215,"Chile","CHL",2013,71
"216",216,"Chile","CHL",2014,73
"217",217,"Chile","CHL",2015,70
"218",218,"Chile","CHL",2016,66
"219",219,"Chile","CHL",2017,67
"220",220,"Chile","CHL",2018,67
"221",221,"China","CHN",2012,39
"222",222,"China","CHN",2013,40
"223",223,"China","CHN",2014,36
"224",224,"China","CHN",2015,37
"225",225,"China","CHN",2016,40
"226",226,"China","CHN",2017,41
"227",227,"China","CHN",2018,39
"228",228,"Colombia","COL",2012,36
"229",229,"Colombia","COL",2013,36
"230",230,"Colombia","COL",2014,37
"231",231,"Colombia","COL",2015,37
"232",232,"Colombia","COL",2016,37
"233",233,"Colombia","COL",2017,37
"234",234,"Colombia","COL",2018,36
"235",235,"Comoros","COM",2012,28
"236",236,"Comoros","COM",2013,28
"237",237,"Comoros","COM",2014,26
"238",238,"Comoros","COM",2015,26
"239",239,"Comoros","COM",2016,24
"240",240,"Comoros","COM",2017,27
"241",241,"Comoros","COM",2018,27
"242",242,"Congo","COG",2012,26
"243",243,"Congo","COG",2013,22
"244",244,"Congo","COG",2014,23
"245",245,"Congo","COG",2015,23
"246",246,"Congo","COG",2016,20
"247",247,"Congo","COG",2017,21
"248",248,"Congo","COG",2018,19
"249",249,"Costa Rica","CRI",2012,54
"250",250,"Costa Rica","CRI",2013,53
"251",251,"Costa Rica","CRI",2014,54
"252",252,"Costa Rica","CRI",2015,55
"253",253,"Costa Rica","CRI",2016,58
"254",254,"Costa Rica","CRI",2017,59
"255",255,"Costa Rica","CRI",2018,56
"256",256,"Cote d'Ivoire","CIV",2012,29
"257",257,"Cote d'Ivoire","CIV",2013,27
"258",258,"Cote d'Ivoire","CIV",2014,32
"259",259,"Cote d'Ivoire","CIV",2015,32
"260",260,"Cote d'Ivoire","CIV",2016,34
"261",261,"Cote d'Ivoire","CIV",2017,36
"262",262,"Cote d'Ivoire","CIV",2018,35
"263",263,"Croatia","HRV",2012,46
"264",264,"Croatia","HRV",2013,48
"265",265,"Croatia","HRV",2014,48
"266",266,"Croatia","HRV",2015,51
"267",267,"Croatia","HRV",2016,49
"268",268,"Croatia","HRV",2017,49
"269",269,"Croatia","HRV",2018,48
"270",270,"Cuba","CUB",2012,48
"271",271,"Cuba","CUB",2013,46
"272",272,"Cuba","CUB",2014,46
"273",273,"Cuba","CUB",2015,47
"274",274,"Cuba","CUB",2016,47
"275",275,"Cuba","CUB",2017,47
"276",276,"Cuba","CUB",2018,47
"277",277,"Cyprus","CYP",2012,66
"278",278,"Cyprus","CYP",2013,63
"279",279,"Cyprus","CYP",2014,63
"280",280,"Cyprus","CYP",2015,61
"281",281,"Cyprus","CYP",2016,55
"282",282,"Cyprus","CYP",2017,57
"283",283,"Cyprus","CYP",2018,59
"284",284,"Czechia","CZE",2012,49
"285",285,"Czechia","CZE",2013,48
"286",286,"Czechia","CZE",2014,51
"287",287,"Czechia","CZE",2015,56
"288",288,"Czechia","CZE",2016,55
"289",289,"Czechia","CZE",2017,57
"290",290,"Czechia","CZE",2018,59
"291",291,"Democratic Republic of Congo","COD",2012,21
"292",292,"Democratic Republic of Congo","COD",2013,22
"293",293,"Democratic Republic of Congo","COD",2014,22
"294",294,"Democratic Republic of Congo","COD",2015,22
"295",295,"Democratic Republic of Congo","COD",2016,21
"296",296,"Democratic Republic of Congo","COD",2017,21
"297",297,"Democratic Republic of Congo","COD",2018,20
"298",298,"Denmark","DNK",2012,90
"299",299,"Denmark","DNK",2013,91
"300",300,"Denmark","DNK",2014,92
"301",301,"Denmark","DNK",2015,91
"302",302,"Denmark","DNK",2016,90
"303",303,"Denmark","DNK",2017,88
"304",304,"Denmark","DNK",2018,88
"305",305,"Djibouti","DJI",2012,36
"306",306,"Djibouti","DJI",2013,36
"307",307,"Djibouti","DJI",2014,34
"308",308,"Djibouti","DJI",2015,34
"309",309,"Djibouti","DJI",2016,30
"310",310,"Djibouti","DJI",2017,31
"311",311,"Djibouti","DJI",2018,31
"312",312,"Dominica","DMA",2012,58
"313",313,"Dominica","DMA",2013,58
"314",314,"Dominica","DMA",2014,58
"315",315,"Dominica","DMA",2016,59
"316",316,"Dominica","DMA",2017,57
"317",317,"Dominica","DMA",2018,57
"318",318,"Dominican Republic","DOM",2012,32
"319",319,"Dominican Republic","DOM",2013,29
"320",320,"Dominican Republic","DOM",2014,32
"321",321,"Dominican Republic","DOM",2015,33
"322",322,"Dominican Republic","DOM",2016,31
"323",323,"Dominican Republic","DOM",2017,29
"324",324,"Dominican Republic","DOM",2018,30
"325",325,"Ecuador","ECU",2012,32
"326",326,"Ecuador","ECU",2013,35
"327",327,"Ecuador","ECU",2014,33
"328",328,"Ecuador","ECU",2015,32
"329",329,"Ecuador","ECU",2016,31
"330",330,"Ecuador","ECU",2017,32
"331",331,"Ecuador","ECU",2018,34
"332",332,"Egypt","EGY",2012,32
"333",333,"Egypt","EGY",2013,32
"334",334,"Egypt","EGY",2014,37
"335",335,"Egypt","EGY",2015,36
"336",336,"Egypt","EGY",2016,34
"337",337,"Egypt","EGY",2017,32
"338",338,"Egypt","EGY",2018,35
"339",339,"El Salvador","SLV",2012,38
"340",340,"El Salvador","SLV",2013,38
"341",341,"El Salvador","SLV",2014,39
"342",342,"El Salvador","SLV",2015,39
"343",343,"El Salvador","SLV",2016,36
"344",344,"El Salvador","SLV",2017,33
"345",345,"El Salvador","SLV",2018,35
"346",346,"Equatorial Guinea","GNQ",2012,20
"347",347,"Equatorial Guinea","GNQ",2013,19
"348",348,"Equatorial Guinea","GNQ",2017,17
"349",349,"Equatorial Guinea","GNQ",2018,16
"350",350,"Eritrea","ERI",2012,25
"351",351,"Eritrea","ERI",2013,20
"352",352,"Eritrea","ERI",2014,18
"353",353,"Eritrea","ERI",2015,18
"354",354,"Eritrea","ERI",2016,18
"355",355,"Eritrea","ERI",2017,20
"356",356,"Eritrea","ERI",2018,24
"357",357,"Estonia","EST",2012,64
"358",358,"Estonia","EST",2013,68
"359",359,"Estonia","EST",2014,69
"360",360,"Estonia","EST",2015,70
"361",361,"Estonia","EST",2016,70
"362",362,"Estonia","EST",2017,71
"363",363,"Estonia","EST",2018,73
"364",364,"Eswatini","SWZ",2012,37
"365",365,"Eswatini","SWZ",2013,39
"366",366,"Eswatini","SWZ",2014,43
"367",367,"Eswatini","SWZ",2017,39
"368",368,"Eswatini","SWZ",2018,38
"369",369,"Ethiopia","ETH",2012,33
"370",370,"Ethiopia","ETH",2013,33
"371",371,"Ethiopia","ETH",2014,33
"372",372,"Ethiopia","ETH",2015,33
"373",373,"Ethiopia","ETH",2016,34
"374",374,"Ethiopia","ETH",2017,35
"375",375,"Ethiopia","ETH",2018,34
"376",376,"Finland","FIN",2012,90
"377",377,"Finland","FIN",2013,89
"378",378,"Finland","FIN",2014,89
"379",379,"Finland","FIN",2015,90
"380",380,"Finland","FIN",2016,89
"381",381,"Finland","FIN",2017,85
"382",382,"Finland","FIN",2018,85
"383",383,"France","FRA",2012,71
"384",384,"France","FRA",2013,71
"385",385,"France","FRA",2014,69
"386",386,"France","FRA",2015,70
"387",387,"France","FRA",2016,69
"388",388,"France","FRA",2017,70
"389",389,"France","FRA",2018,72
"390",390,"Gabon","GAB",2012,35
"391",391,"Gabon","GAB",2013,34
"392",392,"Gabon","GAB",2014,37
"393",393,"Gabon","GAB",2015,34
"394",394,"Gabon","GAB",2016,35
"395",395,"Gabon","GAB",2017,32
"396",396,"Gabon","GAB",2018,31
"397",397,"Gambia","GMB",2012,34
"398",398,"Gambia","GMB",2013,28
"399",399,"Gambia","GMB",2014,29
"400",400,"Gambia","GMB",2015,28
"401",401,"Gambia","GMB",2016,26
"402",402,"Gambia","GMB",2017,30
"403",403,"Gambia","GMB",2018,37
"404",404,"Georgia","GEO",2012,52
"405",405,"Georgia","GEO",2013,49
"406",406,"Georgia","GEO",2014,52
"407",407,"Georgia","GEO",2015,52
"408",408,"Georgia","GEO",2016,57
"409",409,"Georgia","GEO",2017,56
"410",410,"Georgia","GEO",2018,58
"411",411,"Germany","DEU",2012,79
"412",412,"Germany","DEU",2013,78
"413",413,"Germany","DEU",2014,79
"414",414,"Germany","DEU",2015,81
"415",415,"Germany","DEU",2016,81
"416",416,"Germany","DEU",2017,81
"417",417,"Germany","DEU",2018,80
"418",418,"Ghana","GHA",2012,45
"419",419,"Ghana","GHA",2013,46
"420",420,"Ghana","GHA",2014,48
"421",421,"Ghana","GHA",2015,47
"422",422,"Ghana","GHA",2016,43
"423",423,"Ghana","GHA",2017,40
"424",424,"Ghana","GHA",2018,41
"425",425,"Greece","GRC",2012,36
"426",426,"Greece","GRC",2013,40
"427",427,"Greece","GRC",2014,43
"428",428,"Greece","GRC",2015,46
"429",429,"Greece","GRC",2016,44
"430",430,"Greece","GRC",2017,48
"431",431,"Greece","GRC",2018,45
"432",432,"Grenada","GRD",2016,56
"433",433,"Grenada","GRD",2017,52
"434",434,"Grenada","GRD",2018,52
"435",435,"Guatemala","GTM",2012,33
"436",436,"Guatemala","GTM",2013,29
"437",437,"Guatemala","GTM",2014,32
"438",438,"Guatemala","GTM",2015,28
"439",439,"Guatemala","GTM",2016,28
"440",440,"Guatemala","GTM",2017,28
"441",441,"Guatemala","GTM",2018,27
"442",442,"Guinea","GIN",2012,24
"443",443,"Guinea","GIN",2013,24
"444",444,"Guinea","GIN",2014,25
"445",445,"Guinea","GIN",2015,25
"446",446,"Guinea","GIN",2016,27
"447",447,"Guinea","GIN",2017,27
"448",448,"Guinea","GIN",2018,28
"449",449,"Guinea-Bissau","GNB",2012,25
"450",450,"Guinea-Bissau","GNB",2013,19
"451",451,"Guinea-Bissau","GNB",2014,19
"452",452,"Guinea-Bissau","GNB",2015,17
"453",453,"Guinea-Bissau","GNB",2016,16
"454",454,"Guinea-Bissau","GNB",2017,17
"455",455,"Guinea-Bissau","GNB",2018,16
"456",456,"Guyana","GUY",2012,28
"457",457,"Guyana","GUY",2013,27
"458",458,"Guyana","GUY",2014,30
"459",459,"Guyana","GUY",2015,29
"460",460,"Guyana","GUY",2016,34
"461",461,"Guyana","GUY",2017,38
"462",462,"Guyana","GUY",2018,37
"463",463,"Haiti","HTI",2012,19
"464",464,"Haiti","HTI",2013,19
"465",465,"Haiti","HTI",2014,19
"466",466,"Haiti","HTI",2015,17
"467",467,"Haiti","HTI",2016,20
"468",468,"Haiti","HTI",2017,22
"469",469,"Haiti","HTI",2018,20
"470",470,"Honduras","HND",2012,28
"471",471,"Honduras","HND",2013,26
"472",472,"Honduras","HND",2014,29
"473",473,"Honduras","HND",2015,31
"474",474,"Honduras","HND",2016,30
"475",475,"Honduras","HND",2017,29
"476",476,"Honduras","HND",2018,29
"477",477,"Hong Kong","HKG",2012,77
"478",478,"Hong Kong","HKG",2013,75
"479",479,"Hong Kong","HKG",2014,74
"480",480,"Hong Kong","HKG",2015,75
"481",481,"Hong Kong","HKG",2016,77
"482",482,"Hong Kong","HKG",2017,77
"483",483,"Hong Kong","HKG",2018,76
"484",484,"Hungary","HUN",2012,55
"485",485,"Hungary","HUN",2013,54
"486",486,"Hungary","HUN",2014,54
"487",487,"Hungary","HUN",2015,51
"488",488,"Hungary","HUN",2016,48
"489",489,"Hungary","HUN",2017,45
"490",490,"Hungary","HUN",2018,46
"491",491,"Iceland","ISL",2012,82
"492",492,"Iceland","ISL",2013,78
"493",493,"Iceland","ISL",2014,79
"494",494,"Iceland","ISL",2015,79
"495",495,"Iceland","ISL",2016,78
"496",496,"Iceland","ISL",2017,77
"497",497,"Iceland","ISL",2018,76
"498",498,"India","IND",2012,36
"499",499,"India","IND",2013,36
"500",500,"India","IND",2014,38
"501",501,"India","IND",2015,38
"502",502,"India","IND",2016,40
"503",503,"India","IND",2017,40
"504",504,"India","IND",2018,41
"505",505,"Indonesia","IDN",2012,32
"506",506,"Indonesia","IDN",2013,32
"507",507,"Indonesia","IDN",2014,34
"508",508,"Indonesia","IDN",2015,36
"509",509,"Indonesia","IDN",2016,37
"510",510,"Indonesia","IDN",2017,37
"511",511,"Indonesia","IDN",2018,38
"512",512,"Iran","IRN",2012,28
"513",513,"Iran","IRN",2013,25
"514",514,"Iran","IRN",2014,27
"515",515,"Iran","IRN",2015,27
"516",516,"Iran","IRN",2016,29
"517",517,"Iran","IRN",2017,30
"518",518,"Iran","IRN",2018,28
"519",519,"Iraq","IRQ",2012,18
"520",520,"Iraq","IRQ",2013,16
"521",521,"Iraq","IRQ",2014,16
"522",522,"Iraq","IRQ",2015,16
"523",523,"Iraq","IRQ",2016,17
"524",524,"Iraq","IRQ",2017,18
"525",525,"Iraq","IRQ",2018,18
"526",526,"Ireland","IRL",2012,69
"527",527,"Ireland","IRL",2013,72
"528",528,"Ireland","IRL",2014,74
"529",529,"Ireland","IRL",2015,75
"530",530,"Ireland","IRL",2016,73
"531",531,"Ireland","IRL",2017,74
"532",532,"Ireland","IRL",2018,73
"533",533,"Israel","ISR",2012,60
"534",534,"Israel","ISR",2013,61
"535",535,"Israel","ISR",2014,60
"536",536,"Israel","ISR",2015,61
"537",537,"Israel","ISR",2016,64
"538",538,"Israel","ISR",2017,62
"539",539,"Israel","ISR",2018,61
"540",540,"Italy","ITA",2012,42
"541",541,"Italy","ITA",2013,43
"542",542,"Italy","ITA",2014,43
"543",543,"Italy","ITA",2015,44
"544",544,"Italy","ITA",2016,47
"545",545,"Italy","ITA",2017,50
"546",546,"Italy","ITA",2018,52
"547",547,"Jamaica","JAM",2012,38
"548",548,"Jamaica","JAM",2013,38
"549",549,"Jamaica","JAM",2014,38
"550",550,"Jamaica","JAM",2015,41
"551",551,"Jamaica","JAM",2016,39
"552",552,"Jamaica","JAM",2017,44
"553",553,"Jamaica","JAM",2018,44
"554",554,"Japan","JPN",2012,74
"555",555,"Japan","JPN",2013,74
"556",556,"Japan","JPN",2014,76
"557",557,"Japan","JPN",2015,75
"558",558,"Japan","JPN",2016,72
"559",559,"Japan","JPN",2017,73
"560",560,"Japan","JPN",2018,73
"561",561,"Jordan","JOR",2012,48
"562",562,"Jordan","JOR",2013,45
"563",563,"Jordan","JOR",2014,49
"564",564,"Jordan","JOR",2015,53
"565",565,"Jordan","JOR",2016,48
"566",566,"Jordan","JOR",2017,48
"567",567,"Jordan","JOR",2018,49
"568",568,"Kazakhstan","KAZ",2012,28
"569",569,"Kazakhstan","KAZ",2013,26
"570",570,"Kazakhstan","KAZ",2014,29
"571",571,"Kazakhstan","KAZ",2015,28
"572",572,"Kazakhstan","KAZ",2016,29
"573",573,"Kazakhstan","KAZ",2017,31
"574",574,"Kazakhstan","KAZ",2018,31
"575",575,"Kenya","KEN",2012,27
"576",576,"Kenya","KEN",2013,27
"577",577,"Kenya","KEN",2014,25
"578",578,"Kenya","KEN",2015,25
"579",579,"Kenya","KEN",2016,26
"580",580,"Kenya","KEN",2017,28
"581",581,"Kenya","KEN",2018,27
"582",582,"Kosovo","OWID_KOS",2012,34
"583",583,"Kosovo","OWID_KOS",2013,33
"584",584,"Kosovo","OWID_KOS",2014,33
"585",585,"Kosovo","OWID_KOS",2015,33
"586",586,"Kosovo","OWID_KOS",2016,36
"587",587,"Kosovo","OWID_KOS",2017,39
"588",588,"Kosovo","OWID_KOS",2018,37
"589",589,"Kuwait","KWT",2012,44
"590",590,"Kuwait","KWT",2013,43
"591",591,"Kuwait","KWT",2014,44
"592",592,"Kuwait","KWT",2015,49
"593",593,"Kuwait","KWT",2016,41
"594",594,"Kuwait","KWT",2017,39
"595",595,"Kuwait","KWT",2018,41
"596",596,"Kyrgyzstan","KGZ",2012,24
"597",597,"Kyrgyzstan","KGZ",2013,24
"598",598,"Kyrgyzstan","KGZ",2014,27
"599",599,"Kyrgyzstan","KGZ",2015,28
"600",600,"Kyrgyzstan","KGZ",2016,28
"601",601,"Kyrgyzstan","KGZ",2017,29
"602",602,"Kyrgyzstan","KGZ",2018,29
"603",603,"Laos","LAO",2012,21
"604",604,"Laos","LAO",2013,26
"605",605,"Laos","LAO",2014,25
"606",606,"Laos","LAO",2015,25
"607",607,"Laos","LAO",2016,30
"608",608,"Laos","LAO",2017,29
"609",609,"Laos","LAO",2018,29
"610",610,"Latvia","LVA",2012,49
"611",611,"Latvia","LVA",2013,53
"612",612,"Latvia","LVA",2014,55
"613",613,"Latvia","LVA",2015,56
"614",614,"Latvia","LVA",2016,57
"615",615,"Latvia","LVA",2017,58
"616",616,"Latvia","LVA",2018,58
"617",617,"Lebanon","LBN",2012,30
"618",618,"Lebanon","LBN",2013,28
"619",619,"Lebanon","LBN",2014,27
"620",620,"Lebanon","LBN",2015,28
"621",621,"Lebanon","LBN",2016,28
"622",622,"Lebanon","LBN",2017,28
"623",623,"Lebanon","LBN",2018,28
"624",624,"Lesotho","LSO",2012,45
"625",625,"Lesotho","LSO",2013,49
"626",626,"Lesotho","LSO",2014,49
"627",627,"Lesotho","LSO",2015,44
"628",628,"Lesotho","LSO",2016,39
"629",629,"Lesotho","LSO",2017,42
"630",630,"Lesotho","LSO",2018,41
"631",631,"Liberia","LBR",2012,41
"632",632,"Liberia","LBR",2013,38
"633",633,"Liberia","LBR",2014,37
"634",634,"Liberia","LBR",2015,37
"635",635,"Liberia","LBR",2016,37
"636",636,"Liberia","LBR",2017,31
"637",637,"Liberia","LBR",2018,32
"638",638,"Libya","LBY",2012,21
"639",639,"Libya","LBY",2013,15
"640",640,"Libya","LBY",2014,18
"641",641,"Libya","LBY",2015,16
"642",642,"Libya","LBY",2016,14
"643",643,"Libya","LBY",2017,17
"644",644,"Libya","LBY",2018,17
"645",645,"Lithuania","LTU",2012,54
"646",646,"Lithuania","LTU",2013,57
"647",647,"Lithuania","LTU",2014,58
"648",648,"Lithuania","LTU",2015,59
"649",649,"Lithuania","LTU",2016,59
"650",650,"Lithuania","LTU",2017,59
"651",651,"Lithuania","LTU",2018,59
"652",652,"Luxembourg","LUX",2012,80
"653",653,"Luxembourg","LUX",2013,80
"654",654,"Luxembourg","LUX",2014,82
"655",655,"Luxembourg","LUX",2015,85
"656",656,"Luxembourg","LUX",2016,81
"657",657,"Luxembourg","LUX",2017,82
"658",658,"Luxembourg","LUX",2018,81
"659",659,"Madagascar","MDG",2012,32
"660",660,"Madagascar","MDG",2013,28
"661",661,"Madagascar","MDG",2014,28
"662",662,"Madagascar","MDG",2015,28
"663",663,"Madagascar","MDG",2016,26
"664",664,"Madagascar","MDG",2017,24
"665",665,"Madagascar","MDG",2018,25
"666",666,"Malawi","MWI",2012,37
"667",667,"Malawi","MWI",2013,37
"668",668,"Malawi","MWI",2014,33
"669",669,"Malawi","MWI",2015,31
"670",670,"Malawi","MWI",2016,31
"671",671,"Malawi","MWI",2017,31
"672",672,"Malawi","MWI",2018,32
"673",673,"Malaysia","MYS",2012,49
"674",674,"Malaysia","MYS",2013,50
"675",675,"Malaysia","MYS",2014,52
"676",676,"Malaysia","MYS",2015,50
"677",677,"Malaysia","MYS",2016,49
"678",678,"Malaysia","MYS",2017,47
"679",679,"Malaysia","MYS",2018,47
"680",680,"Maldives","MDV",2016,36
"681",681,"Maldives","MDV",2017,33
"682",682,"Maldives","MDV",2018,31
"683",683,"Mali","MLI",2012,34
"684",684,"Mali","MLI",2013,28
"685",685,"Mali","MLI",2014,32
"686",686,"Mali","MLI",2015,35
"687",687,"Mali","MLI",2016,32
"688",688,"Mali","MLI",2017,31
"689",689,"Mali","MLI",2018,32
"690",690,"Malta","MLT",2012,57
"691",691,"Malta","MLT",2013,56
"692",692,"Malta","MLT",2014,55
"693",693,"Malta","MLT",2015,60
"694",694,"Malta","MLT",2016,55
"695",695,"Malta","MLT",2017,56
"696",696,"Malta","MLT",2018,54
"697",697,"Mauritania","MRT",2012,31
"698",698,"Mauritania","MRT",2013,30
"699",699,"Mauritania","MRT",2014,30
"700",700,"Mauritania","MRT",2015,31
"701",701,"Mauritania","MRT",2016,27
"702",702,"Mauritania","MRT",2017,28
"703",703,"Mauritania","MRT",2018,27
"704",704,"Mauritius","MUS",2012,57
"705",705,"Mauritius","MUS",2013,52
"706",706,"Mauritius","MUS",2014,54
"707",707,"Mauritius","MUS",2015,53
"708",708,"Mauritius","MUS",2016,54
"709",709,"Mauritius","MUS",2017,50
"710",710,"Mauritius","MUS",2018,51
"711",711,"Mexico","MEX",2012,34
"712",712,"Mexico","MEX",2013,34
"713",713,"Mexico","MEX",2014,35
"714",714,"Mexico","MEX",2015,31
"715",715,"Mexico","MEX",2016,30
"716",716,"Mexico","MEX",2017,29
"717",717,"Mexico","MEX",2018,28
"718",718,"Moldova","MDA",2012,36
"719",719,"Moldova","MDA",2013,35
"720",720,"Moldova","MDA",2014,35
"721",721,"Moldova","MDA",2015,33
"722",722,"Moldova","MDA",2016,30
"723",723,"Moldova","MDA",2017,31
"724",724,"Moldova","MDA",2018,33
"725",725,"Mongolia","MNG",2012,36
"726",726,"Mongolia","MNG",2013,38
"727",727,"Mongolia","MNG",2014,39
"728",728,"Mongolia","MNG",2015,39
"729",729,"Mongolia","MNG",2016,38
"730",730,"Mongolia","MNG",2017,36
"731",731,"Mongolia","MNG",2018,37
"732",732,"Montenegro","MNE",2012,41
"733",733,"Montenegro","MNE",2013,44
"734",734,"Montenegro","MNE",2014,42
"735",735,"Montenegro","MNE",2015,44
"736",736,"Montenegro","MNE",2016,45
"737",737,"Montenegro","MNE",2017,46
"738",738,"Montenegro","MNE",2018,45
"739",739,"Morocco","MAR",2012,37
"740",740,"Morocco","MAR",2013,37
"741",741,"Morocco","MAR",2014,39
"742",742,"Morocco","MAR",2015,36
"743",743,"Morocco","MAR",2016,37
"744",744,"Morocco","MAR",2017,40
"745",745,"Morocco","MAR",2018,43
"746",746,"Mozambique","MOZ",2012,31
"747",747,"Mozambique","MOZ",2013,30
"748",748,"Mozambique","MOZ",2014,31
"749",749,"Mozambique","MOZ",2015,31
"750",750,"Mozambique","MOZ",2016,27
"751",751,"Mozambique","MOZ",2017,25
"752",752,"Mozambique","MOZ",2018,23
"753",753,"Myanmar","MMR",2012,15
"754",754,"Myanmar","MMR",2013,21
"755",755,"Myanmar","MMR",2014,21
"756",756,"Myanmar","MMR",2015,22
"757",757,"Myanmar","MMR",2016,28
"758",758,"Myanmar","MMR",2017,30
"759",759,"Myanmar","MMR",2018,29
"760",760,"Namibia","NAM",2012,48
"761",761,"Namibia","NAM",2013,48
"762",762,"Namibia","NAM",2014,49
"763",763,"Namibia","NAM",2015,53
"764",764,"Namibia","NAM",2016,52
"765",765,"Namibia","NAM",2017,51
"766",766,"Namibia","NAM",2018,53
"767",767,"Nepal","NPL",2012,27
"768",768,"Nepal","NPL",2013,31
"769",769,"Nepal","NPL",2014,29
"770",770,"Nepal","NPL",2015,27
"771",771,"Nepal","NPL",2016,29
"772",772,"Nepal","NPL",2017,31
"773",773,"Nepal","NPL",2018,31
"774",774,"Netherlands","NLD",2012,84
"775",775,"Netherlands","NLD",2013,83
"776",776,"Netherlands","NLD",2014,83
"777",777,"Netherlands","NLD",2015,84
"778",778,"Netherlands","NLD",2016,83
"779",779,"Netherlands","NLD",2017,82
"780",780,"Netherlands","NLD",2018,82
"781",781,"New Zealand","NZL",2012,90
"782",782,"New Zealand","NZL",2013,91
"783",783,"New Zealand","NZL",2014,91
"784",784,"New Zealand","NZL",2015,91
"785",785,"New Zealand","NZL",2016,90
"786",786,"New Zealand","NZL",2017,89
"787",787,"New Zealand","NZL",2018,87
"788",788,"Nicaragua","NIC",2012,29
"789",789,"Nicaragua","NIC",2013,28
"790",790,"Nicaragua","NIC",2014,28
"791",791,"Nicaragua","NIC",2015,27
"792",792,"Nicaragua","NIC",2016,26
"793",793,"Nicaragua","NIC",2017,26
"794",794,"Nicaragua","NIC",2018,25
"795",795,"Niger","NER",2012,33
"796",796,"Niger","NER",2013,34
"797",797,"Niger","NER",2014,35
"798",798,"Niger","NER",2015,34
"799",799,"Niger","NER",2016,35
"800",800,"Niger","NER",2017,33
"801",801,"Niger","NER",2018,34
"802",802,"Nigeria","NGA",2012,27
"803",803,"Nigeria","NGA",2013,25
"804",804,"Nigeria","NGA",2014,27
"805",805,"Nigeria","NGA",2015,26
"806",806,"Nigeria","NGA",2016,28
"807",807,"Nigeria","NGA",2017,27
"808",808,"Nigeria","NGA",2018,27
"809",809,"North Korea","PRK",2012,8
"810",810,"North Korea","PRK",2013,8
"811",811,"North Korea","PRK",2014,8
"812",812,"North Korea","PRK",2015,8
"813",813,"North Korea","PRK",2016,12
"814",814,"North Korea","PRK",2017,17
"815",815,"North Korea","PRK",2018,14
"816",816,"North Macedonia","MKD",2012,43
"817",817,"North Macedonia","MKD",2013,44
"818",818,"North Macedonia","MKD",2014,45
"819",819,"North Macedonia","MKD",2015,42
"820",820,"North Macedonia","MKD",2016,37
"821",821,"North Macedonia","MKD",2017,35
"822",822,"North Macedonia","MKD",2018,37
"823",823,"Norway","NOR",2012,85
"824",824,"Norway","NOR",2013,86
"825",825,"Norway","NOR",2014,86
"826",826,"Norway","NOR",2015,88
"827",827,"Norway","NOR",2016,85
"828",828,"Norway","NOR",2017,85
"829",829,"Norway","NOR",2018,84
"830",830,"Oman","OMN",2012,47
"831",831,"Oman","OMN",2013,47
"832",832,"Oman","OMN",2014,45
"833",833,"Oman","OMN",2015,45
"834",834,"Oman","OMN",2016,45
"835",835,"Oman","OMN",2017,44
"836",836,"Oman","OMN",2018,52
"837",837,"Pakistan","PAK",2012,27
"838",838,"Pakistan","PAK",2013,28
"839",839,"Pakistan","PAK",2014,29
"840",840,"Pakistan","PAK",2015,30
"841",841,"Pakistan","PAK",2016,32
"842",842,"Pakistan","PAK",2017,32
"843",843,"Pakistan","PAK",2018,33
"844",844,"Panama","PAN",2012,38
"845",845,"Panama","PAN",2013,35
"846",846,"Panama","PAN",2014,37
"847",847,"Panama","PAN",2015,39
"848",848,"Panama","PAN",2016,38
"849",849,"Panama","PAN",2017,37
"850",850,"Panama","PAN",2018,37
"851",851,"Papua New Guinea","PNG",2012,25
"852",852,"Papua New Guinea","PNG",2013,25
"853",853,"Papua New Guinea","PNG",2014,25
"854",854,"Papua New Guinea","PNG",2015,25
"855",855,"Papua New Guinea","PNG",2016,28
"856",856,"Papua New Guinea","PNG",2017,29
"857",857,"Papua New Guinea","PNG",2018,28
"858",858,"Paraguay","PRY",2012,25
"859",859,"Paraguay","PRY",2013,24
"860",860,"Paraguay","PRY",2014,24
"861",861,"Paraguay","PRY",2015,27
"862",862,"Paraguay","PRY",2016,30
"863",863,"Paraguay","PRY",2017,29
"864",864,"Paraguay","PRY",2018,29
"865",865,"Peru","PER",2012,38
"866",866,"Peru","PER",2013,38
"867",867,"Peru","PER",2014,38
"868",868,"Peru","PER",2015,36
"869",869,"Peru","PER",2016,35
"870",870,"Peru","PER",2017,37
"871",871,"Peru","PER",2018,35
"872",872,"Philippines","PHL",2012,34
"873",873,"Philippines","PHL",2013,36
"874",874,"Philippines","PHL",2014,38
"875",875,"Philippines","PHL",2015,35
"876",876,"Philippines","PHL",2016,35
"877",877,"Philippines","PHL",2017,34
"878",878,"Philippines","PHL",2018,36
"879",879,"Poland","POL",2012,58
"880",880,"Poland","POL",2013,60
"881",881,"Poland","POL",2014,61
"882",882,"Poland","POL",2015,63
"883",883,"Poland","POL",2016,62
"884",884,"Poland","POL",2017,60
"885",885,"Poland","POL",2018,60
"886",886,"Portugal","PRT",2012,63
"887",887,"Portugal","PRT",2013,62
"888",888,"Portugal","PRT",2014,63
"889",889,"Portugal","PRT",2015,64
"890",890,"Portugal","PRT",2016,62
"891",891,"Portugal","PRT",2017,63
"892",892,"Portugal","PRT",2018,64
"893",893,"Qatar","QAT",2012,68
"894",894,"Qatar","QAT",2013,68
"895",895,"Qatar","QAT",2014,69
"896",896,"Qatar","QAT",2015,71
"897",897,"Qatar","QAT",2016,61
"898",898,"Qatar","QAT",2017,63
"899",899,"Qatar","QAT",2018,62
"900",900,"Romania","ROU",2012,44
"901",901,"Romania","ROU",2013,43
"902",902,"Romania","ROU",2014,43
"903",903,"Romania","ROU",2015,46
"904",904,"Romania","ROU",2016,48
"905",905,"Romania","ROU",2017,48
"906",906,"Romania","ROU",2018,47
"907",907,"Russia","RUS",2012,28
"908",908,"Russia","RUS",2013,28
"909",909,"Russia","RUS",2014,27
"910",910,"Russia","RUS",2015,29
"911",911,"Russia","RUS",2016,29
"912",912,"Russia","RUS",2017,29
"913",913,"Russia","RUS",2018,28
"914",914,"Rwanda","RWA",2012,53
"915",915,"Rwanda","RWA",2013,53
"916",916,"Rwanda","RWA",2014,49
"917",917,"Rwanda","RWA",2015,54
"918",918,"Rwanda","RWA",2016,54
"919",919,"Rwanda","RWA",2017,55
"920",920,"Rwanda","RWA",2018,56
"921",921,"Saint Lucia","LCA",2012,71
"922",922,"Saint Lucia","LCA",2013,71
"923",923,"Saint Lucia","LCA",2014,71
"924",924,"Saint Lucia","LCA",2016,60
"925",925,"Saint Lucia","LCA",2017,55
"926",926,"Saint Lucia","LCA",2018,55
"927",927,"Saint Vincent and the Grenadines","VCT",2012,62
"928",928,"Saint Vincent and the Grenadines","VCT",2013,62
"929",929,"Saint Vincent and the Grenadines","VCT",2014,62
"930",930,"Saint Vincent and the Grenadines","VCT",2016,60
"931",931,"Saint Vincent and the Grenadines","VCT",2017,58
"932",932,"Saint Vincent and the Grenadines","VCT",2018,58
"933",933,"Sao Tome and Principe","STP",2012,42
"934",934,"Sao Tome and Principe","STP",2013,42
"935",935,"Sao Tome and Principe","STP",2014,42
"936",936,"Sao Tome and Principe","STP",2015,42
"937",937,"Sao Tome and Principe","STP",2016,46
"938",938,"Sao Tome and Principe","STP",2017,46
"939",939,"Sao Tome and Principe","STP",2018,46
"940",940,"Saudi Arabia","SAU",2012,44
"941",941,"Saudi Arabia","SAU",2013,46
"942",942,"Saudi Arabia","SAU",2014,49
"943",943,"Saudi Arabia","SAU",2015,52
"944",944,"Saudi Arabia","SAU",2016,46
"945",945,"Saudi Arabia","SAU",2017,49
"946",946,"Saudi Arabia","SAU",2018,49
"947",947,"Senegal","SEN",2012,36
"948",948,"Senegal","SEN",2013,41
"949",949,"Senegal","SEN",2014,43
"950",950,"Senegal","SEN",2015,44
"951",951,"Senegal","SEN",2016,45
"952",952,"Senegal","SEN",2017,45
"953",953,"Senegal","SEN",2018,45
"954",954,"Serbia","SRB",2012,39
"955",955,"Serbia","SRB",2013,42
"956",956,"Serbia","SRB",2014,41
"957",957,"Serbia","SRB",2015,40
"958",958,"Serbia","SRB",2016,42
"959",959,"Serbia","SRB",2017,41
"960",960,"Serbia","SRB",2018,39
"961",961,"Seychelles","SYC",2012,52
"962",962,"Seychelles","SYC",2013,54
"963",963,"Seychelles","SYC",2014,55
"964",964,"Seychelles","SYC",2015,55
"965",965,"Seychelles","SYC",2017,60
"966",966,"Seychelles","SYC",2018,66
"967",967,"Sierra Leone","SLE",2012,31
"968",968,"Sierra Leone","SLE",2013,30
"969",969,"Sierra Leone","SLE",2014,31
"970",970,"Sierra Leone","SLE",2015,29
"971",971,"Sierra Leone","SLE",2016,30
"972",972,"Sierra Leone","SLE",2017,30
"973",973,"Sierra Leone","SLE",2018,30
"974",974,"Singapore","SGP",2012,87
"975",975,"Singapore","SGP",2013,86
"976",976,"Singapore","SGP",2014,84
"977",977,"Singapore","SGP",2015,85
"978",978,"Singapore","SGP",2016,84
"979",979,"Singapore","SGP",2017,84
"980",980,"Singapore","SGP",2018,85
"981",981,"Slovakia","SVK",2012,46
"982",982,"Slovakia","SVK",2013,47
"983",983,"Slovakia","SVK",2014,50
"984",984,"Slovakia","SVK",2015,51
"985",985,"Slovakia","SVK",2016,51
"986",986,"Slovakia","SVK",2017,50
"987",987,"Slovakia","SVK",2018,50
"988",988,"Slovenia","SVN",2012,61
"989",989,"Slovenia","SVN",2013,57
"990",990,"Slovenia","SVN",2014,58
"991",991,"Slovenia","SVN",2015,60
"992",992,"Slovenia","SVN",2016,61
"993",993,"Slovenia","SVN",2017,61
"994",994,"Slovenia","SVN",2018,60
"995",995,"Solomon Islands","SLB",2016,42
"996",996,"Solomon Islands","SLB",2017,39
"997",997,"Solomon Islands","SLB",2018,44
"998",998,"Somalia","SOM",2012,8
"999",999,"Somalia","SOM",2013,8
"1000",1000,"Somalia","SOM",2014,8
"1001",1001,"Somalia","SOM",2015,8
"1002",1002,"Somalia","SOM",2016,10
"1003",1003,"Somalia","SOM",2017,9
"1004",1004,"Somalia","SOM",2018,10
"1005",1005,"South Africa","ZAF",2012,43
"1006",1006,"South Africa","ZAF",2013,42
"1007",1007,"South Africa","ZAF",2014,44
"1008",1008,"South Africa","ZAF",2015,44
"1009",1009,"South Africa","ZAF",2016,45
"1010",1010,"South Africa","ZAF",2017,43
"1011",1011,"South Africa","ZAF",2018,43
"1012",1012,"South Korea","KOR",2012,56
"1013",1013,"South Korea","KOR",2013,55
"1014",1014,"South Korea","KOR",2014,55
"1015",1015,"South Korea","KOR",2015,54
"1016",1016,"South Korea","KOR",2016,53
"1017",1017,"South Korea","KOR",2017,54
"1018",1018,"South Korea","KOR",2018,57
"1019",1019,"South Sudan","SSD",2013,14
"1020",1020,"South Sudan","SSD",2014,15
"1021",1021,"South Sudan","SSD",2015,15
"1022",1022,"South Sudan","SSD",2016,11
"1023",1023,"South Sudan","SSD",2017,12
"1024",1024,"South Sudan","SSD",2018,13
"1025",1025,"Spain","ESP",2012,65
"1026",1026,"Spain","ESP",2013,59
"1027",1027,"Spain","ESP",2014,60
"1028",1028,"Spain","ESP",2015,58
"1029",1029,"Spain","ESP",2016,58
"1030",1030,"Spain","ESP",2017,57
"1031",1031,"Spain","ESP",2018,58
"1032",1032,"Sri Lanka","LKA",2012,40
"1033",1033,"Sri Lanka","LKA",2013,37
"1034",1034,"Sri Lanka","LKA",2014,38
"1035",1035,"Sri Lanka","LKA",2015,37
"1036",1036,"Sri Lanka","LKA",2016,36
"1037",1037,"Sri Lanka","LKA",2017,38
"1038",1038,"Sri Lanka","LKA",2018,38
"1039",1039,"Sudan","SDN",2012,13
"1040",1040,"Sudan","SDN",2013,11
"1041",1041,"Sudan","SDN",2014,11
"1042",1042,"Sudan","SDN",2015,12
"1043",1043,"Sudan","SDN",2016,14
"1044",1044,"Sudan","SDN",2017,16
"1045",1045,"Sudan","SDN",2018,16
"1046",1046,"Suriname","SUR",2012,37
"1047",1047,"Suriname","SUR",2013,36
"1048",1048,"Suriname","SUR",2014,36
"1049",1049,"Suriname","SUR",2015,36
"1050",1050,"Suriname","SUR",2016,45
"1051",1051,"Suriname","SUR",2017,41
"1052",1052,"Suriname","SUR",2018,43
"1053",1053,"Sweden","SWE",2012,88
"1054",1054,"Sweden","SWE",2013,89
"1055",1055,"Sweden","SWE",2014,87
"1056",1056,"Sweden","SWE",2015,89
"1057",1057,"Sweden","SWE",2016,88
"1058",1058,"Sweden","SWE",2017,84
"1059",1059,"Sweden","SWE",2018,85
"1060",1060,"Switzerland","CHE",2012,86
"1061",1061,"Switzerland","CHE",2013,85
"1062",1062,"Switzerland","CHE",2014,86
"1063",1063,"Switzerland","CHE",2015,86
"1064",1064,"Switzerland","CHE",2016,86
"1065",1065,"Switzerland","CHE",2017,85
"1066",1066,"Switzerland","CHE",2018,85
"1067",1067,"Syria","SYR",2012,26
"1068",1068,"Syria","SYR",2013,17
"1069",1069,"Syria","SYR",2014,20
"1070",1070,"Syria","SYR",2015,18
"1071",1071,"Syria","SYR",2016,13
"1072",1072,"Syria","SYR",2017,14
"1073",1073,"Syria","SYR",2018,13
"1074",1074,"Taiwan","TWN",2012,61
"1075",1075,"Taiwan","TWN",2013,61
"1076",1076,"Taiwan","TWN",2014,61
"1077",1077,"Taiwan","TWN",2015,62
"1078",1078,"Taiwan","TWN",2016,61
"1079",1079,"Taiwan","TWN",2017,63
"1080",1080,"Taiwan","TWN",2018,63
"1081",1081,"Tajikistan","TJK",2012,22
"1082",1082,"Tajikistan","TJK",2013,22
"1083",1083,"Tajikistan","TJK",2014,23
"1084",1084,"Tajikistan","TJK",2015,26
"1085",1085,"Tajikistan","TJK",2016,25
"1086",1086,"Tajikistan","TJK",2017,21
"1087",1087,"Tajikistan","TJK",2018,25
"1088",1088,"Tanzania","TZA",2012,35
"1089",1089,"Tanzania","TZA",2013,33
"1090",1090,"Tanzania","TZA",2014,31
"1091",1091,"Tanzania","TZA",2015,30
"1092",1092,"Tanzania","TZA",2016,32
"1093",1093,"Tanzania","TZA",2017,36
"1094",1094,"Tanzania","TZA",2018,36
"1095",1095,"Thailand","THA",2012,37
"1096",1096,"Thailand","THA",2013,35
"1097",1097,"Thailand","THA",2014,38
"1098",1098,"Thailand","THA",2015,38
"1099",1099,"Thailand","THA",2016,35
"1100",1100,"Thailand","THA",2017,37
"1101",1101,"Thailand","THA",2018,36
"1102",1102,"Timor","TLS",2012,33
"1103",1103,"Timor","TLS",2013,30
"1104",1104,"Timor","TLS",2014,28
"1105",1105,"Timor","TLS",2015,28
"1106",1106,"Timor","TLS",2016,35
"1107",1107,"Timor","TLS",2017,38
"1108",1108,"Timor","TLS",2018,35
"1109",1109,"Togo","TGO",2012,30
"1110",1110,"Togo","TGO",2013,29
"1111",1111,"Togo","TGO",2014,29
"1112",1112,"Togo","TGO",2015,32
"1113",1113,"Togo","TGO",2016,32
"1114",1114,"Togo","TGO",2017,32
"1115",1115,"Togo","TGO",2018,30
"1116",1116,"Trinidad and Tobago","TTO",2012,39
"1117",1117,"Trinidad and Tobago","TTO",2013,38
"1118",1118,"Trinidad and Tobago","TTO",2014,38
"1119",1119,"Trinidad and Tobago","TTO",2015,39
"1120",1120,"Trinidad and Tobago","TTO",2016,35
"1121",1121,"Trinidad and Tobago","TTO",2017,41
"1122",1122,"Trinidad and Tobago","TTO",2018,41
"1123",1123,"Tunisia","TUN",2012,41
"1124",1124,"Tunisia","TUN",2013,41
"1125",1125,"Tunisia","TUN",2014,40
"1126",1126,"Tunisia","TUN",2015,38
"1127",1127,"Tunisia","TUN",2016,41
"1128",1128,"Tunisia","TUN",2017,42
"1129",1129,"Tunisia","TUN",2018,43
"1130",1130,"Turkey","TUR",2012,49
"1131",1131,"Turkey","TUR",2013,50
"1132",1132,"Turkey","TUR",2014,45
"1133",1133,"Turkey","TUR",2015,42
"1134",1134,"Turkey","TUR",2016,41
"1135",1135,"Turkey","TUR",2017,40
"1136",1136,"Turkey","TUR",2018,41
"1137",1137,"Turkmenistan","TKM",2012,17
"1138",1138,"Turkmenistan","TKM",2013,17
"1139",1139,"Turkmenistan","TKM",2014,17
"1140",1140,"Turkmenistan","TKM",2015,18
"1141",1141,"Turkmenistan","TKM",2016,22
"1142",1142,"Turkmenistan","TKM",2017,19
"1143",1143,"Turkmenistan","TKM",2018,20
"1144",1144,"Uganda","UGA",2012,29
"1145",1145,"Uganda","UGA",2013,26
"1146",1146,"Uganda","UGA",2014,26
"1147",1147,"Uganda","UGA",2015,25
"1148",1148,"Uganda","UGA",2016,25
"1149",1149,"Uganda","UGA",2017,26
"1150",1150,"Uganda","UGA",2018,26
"1151",1151,"Ukraine","UKR",2012,26
"1152",1152,"Ukraine","UKR",2013,25
"1153",1153,"Ukraine","UKR",2014,26
"1154",1154,"Ukraine","UKR",2015,27
"1155",1155,"Ukraine","UKR",2016,29
"1156",1156,"Ukraine","UKR",2017,30
"1157",1157,"Ukraine","UKR",2018,32
"1158",1158,"United Arab Emirates","ARE",2012,68
"1159",1159,"United Arab Emirates","ARE",2013,69
"1160",1160,"United Arab Emirates","ARE",2014,70
"1161",1161,"United Arab Emirates","ARE",2015,70
"1162",1162,"United Arab Emirates","ARE",2016,66
"1163",1163,"United Arab Emirates","ARE",2017,71
"1164",1164,"United Arab Emirates","ARE",2018,70
"1165",1165,"United Kingdom","GBR",2012,74
"1166",1166,"United Kingdom","GBR",2013,76
"1167",1167,"United Kingdom","GBR",2014,78
"1168",1168,"United Kingdom","GBR",2015,81
"1169",1169,"United Kingdom","GBR",2016,81
"1170",1170,"United Kingdom","GBR",2017,82
"1171",1171,"United Kingdom","GBR",2018,80
"1172",1172,"United States","USA",2012,73
"1173",1173,"United States","USA",2013,73
"1174",1174,"United States","USA",2014,74
"1175",1175,"United States","USA",2015,76
"1176",1176,"United States","USA",2016,74
"1177",1177,"United States","USA",2017,75
"1178",1178,"United States","USA",2018,71
"1179",1179,"Uruguay","URY",2012,72
"1180",1180,"Uruguay","URY",2013,73
"1181",1181,"Uruguay","URY",2014,73
"1182",1182,"Uruguay","URY",2015,74
"1183",1183,"Uruguay","URY",2016,71
"1184",1184,"Uruguay","URY",2017,70
"1185",1185,"Uruguay","URY",2018,70
"1186",1186,"Uzbekistan","UZB",2012,17
"1187",1187,"Uzbekistan","UZB",2013,17
"1188",1188,"Uzbekistan","UZB",2014,18
"1189",1189,"Uzbekistan","UZB",2015,19
"1190",1190,"Uzbekistan","UZB",2016,21
"1191",1191,"Uzbekistan","UZB",2017,22
"1192",1192,"Uzbekistan","UZB",2018,23
"1193",1193,"Vanuatu","VUT",2017,43
"1194",1194,"Vanuatu","VUT",2018,46
"1195",1195,"Venezuela","VEN",2012,19
"1196",1196,"Venezuela","VEN",2013,20
"1197",1197,"Venezuela","VEN",2014,19
"1198",1198,"Venezuela","VEN",2015,17
"1199",1199,"Venezuela","VEN",2016,17
"1200",1200,"Venezuela","VEN",2017,18
"1201",1201,"Venezuela","VEN",2018,18
"1202",1202,"Vietnam","VNM",2012,31
"1203",1203,"Vietnam","VNM",2013,31
"1204",1204,"Vietnam","VNM",2014,31
"1205",1205,"Vietnam","VNM",2015,31
"1206",1206,"Vietnam","VNM",2016,33
"1207",1207,"Vietnam","VNM",2017,35
"1208",1208,"Vietnam","VNM",2018,33
"1209",1209,"Yemen","YEM",2012,23
"1210",1210,"Yemen","YEM",2013,18
"1211",1211,"Yemen","YEM",2014,19
"1212",1212,"Yemen","YEM",2015,18
"1213",1213,"Yemen","YEM",2016,14
"1214",1214,"Yemen","YEM",2017,16
"1215",1215,"Yemen","YEM",2018,14
"1216",1216,"Zambia","ZMB",2012,37
"1217",1217,"Zambia","ZMB",2013,38
"1218",1218,"Zambia","ZMB",2014,38
"1219",1219,"Zambia","ZMB",2015,38
"1220",1220,"Zambia","ZMB",2016,38
"1221",1221,"Zambia","ZMB",2017,37
"1222",1222,"Zambia","ZMB",2018,35
"1223",1223,"Zimbabwe","ZWE",2012,20
"1224",1224,"Zimbabwe","ZWE",2013,21
"1225",1225,"Zimbabwe","ZWE",2014,21
"1226",1226,"Zimbabwe","ZWE",2015,21
"1227",1227,"Zimbabwe","ZWE",2016,22
"1228",1228,"Zimbabwe","ZWE",2017,22
"1229",1229,"Zimbabwe","ZWE",2018,22
