"0","#Left join data"
"0","df1 <- left_join(basedata, share_population, by='country') %>%"
"0","                left_join(., corruption_index, by='country') %>%"
"0","                left_join(., literacy_rate, by='country')%>%"
"0","                left_join(., dependency_ratio, by='country') %>%"
"0","                left_join(., arable_land, by='country') %>%"
"0","                left_join(., electricity, by='country') %>%"
"0","  left_join(., water_productivity, by='country') %>%"
"0","    left_join(., gov_expenditure, by='country') %>%"
"0","    left_join(., gdp, by='country')"
