"0","#final dataset"
"0","new_reg <- select (df2$`Share of population below poverty line`, df2$`Corruption index`, df2$`Literacy rate, adult total (% of people ages 15 and above)`, df2$`Age dependency ratio (% of working age population)`, df2$`Arable land (% of land area)`, df2$`Access to electricity (% of population)`, df2$`Annual freshwater withdrawals (billion cubic metres)`, df2$`Government expenditure on education (% of GDP)`, df2$`GDP per capita`)"
"2","Error in UseMethod(""select"") : 
  no applicable method for 'select' applied to an object of class ""c('double', 'numeric')""
"
