{"chunk_definitions":[{"row":19,"row_count":1,"visible":true,"expansion_state":0,"options":{"engine":"r","label":"setup","include":false},"document_id":"AA1B6795","chunk_id":"csetup_chunk","chunk_label":"setup"},{"row":24,"row_count":1,"visible":true,"expansion_state":0,"options":{"engine":"r","label":"unnamed-chunk-12"},"document_id":"AA1B6795","chunk_id":"cm0nae9i6izxp","chunk_label":"unnamed-chunk-1"},{"row":29,"row_count":1,"visible":true,"expansion_state":0,"options":{"engine":"r","label":"unnamed-chunk-13"},"document_id":"AA1B6795","chunk_id":"cqywvq90dpzin","chunk_label":"unnamed-chunk-2"},{"row":46,"row_count":1,"visible":true,"expansion_state":0,"options":{"engine":"r","label":"unnamed-chunk-14"},"document_id":"AA1B6795","chunk_id":"ccjedeg1k3dpd","chunk_label":"unnamed-chunk-3"},{"row":53,"row_count":1,"visible":true,"expansion_state":0,"options":{"engine":"r","label":"unnamed-chunk-15"},"document_id":"AA1B6795","chunk_id":"cczr3dxptvcch","chunk_label":"unnamed-chunk-4"},{"row":85,"row_count":1,"visible":true,"expansion_state":0,"options":{"engine":"r","label":"unnamed-chunk-18"},"document_id":"AA1B6795","chunk_id":"c997mwi4r2ak9","chunk_label":"unnamed-chunk-7"},{"row":106,"row_count":1,"visible":true,"expansion_state":0,"options":{"engine":"r","label":"unnamed-chunk-20"},"document_id":"AA1B6795","chunk_id":"cjtrmivla153x","chunk_label":"unnamed-chunk-9"},{"row":119,"row_count":1,"visible":true,"expansion_state":0,"options":{"engine":"r","label":"unnamed-chunk-21"},"document_id":"AA1B6795","chunk_id":"c5m9u4qe7ovhi","chunk_label":"unnamed-chunk-10"},{"row":129,"row_count":1,"visible":true,"expansion_state":0,"options":{"engine":"r","label":"unnamed-chunk-22"},"document_id":"AA1B6795","chunk_id":"cerg7anuvvk2w","chunk_label":"unnamed-chunk-11"},{"row":140,"row_count":1,"visible":true,"expansion_state":0,"options":{"engine":"r","label":"unnamed-chunk-23"},"document_id":"AA1B6795","chunk_id":"cw8fpgwwkzidz","chunk_label":"unnamed-chunk-12"},{"row":169,"row_count":1,"visible":true,"expansion_state":0,"options":{"engine":"r","label":"unnamed-chunk-25"},"document_id":"AA1B6795","chunk_id":"c7xgcvuesditv","chunk_label":"unnamed-chunk-14"},{"row":182,"row_count":1,"visible":true,"expansion_state":0,"options":{"engine":"r","label":"unnamed-chunk-26"},"document_id":"CCC0F8DD","chunk_id":"cjjx38sz64dqh","chunk_label":"unnamed-chunk-15"},{"row":193,"row_count":1,"visible":true,"expansion_state":0,"options":{"engine":"r","label":"unnamed-chunk-89"},"document_id":"AA1B6795","chunk_id":"czdhso8a0pbam","chunk_label":"unnamed-chunk-17"},{"row":198,"row_count":1,"visible":true,"expansion_state":0,"options":{"engine":"r","label":"unnamed-chunk-71"},"document_id":"CCC0F8DD","chunk_id":"c7qrnxhp77rnh","chunk_label":"unnamed-chunk-18"},{"row":212,"row_count":1,"visible":true,"expansion_state":0,"options":{"engine":"r","label":"unnamed-chunk-90"},"document_id":"AA1B6795","chunk_id":"cg7lxz8bknt7q","chunk_label":"unnamed-chunk-19"},{"row":221,"row_count":1,"visible":true,"expansion_state":0,"options":{"engine":"r","label":"unnamed-chunk-72"},"document_id":"AA1B6795","chunk_id":"czalzazvq7xu2","chunk_label":"unnamed-chunk-20"},{"row":232,"row_count":1,"visible":true,"expansion_state":0,"options":{"engine":"r","label":"unnamed-chunk-73"},"document_id":"AA1B6795","chunk_id":"cuhf3vrr1xi4s","chunk_label":"unnamed-chunk-21"},{"row":253,"row_count":1,"visible":true,"expansion_state":0,"options":{"engine":"r","label":"unnamed-chunk-75"},"document_id":"CCC0F8DD","chunk_id":"chaop30vtcm9x","chunk_label":"unnamed-chunk-23"},{"row":258,"row_count":1,"visible":true,"expansion_state":0,"options":{"engine":"r","label":"unnamed-chunk-88"},"document_id":"CCC0F8DD","chunk_id":"cwnbmr3t6ik79","chunk_label":"unnamed-chunk-24"},{"row":276,"row_count":1,"visible":true,"expansion_state":0,"options":{"engine":"r","label":"unnamed-chunk-97"},"document_id":"AA1B6795","chunk_id":"cs8spcvzqvjms","chunk_label":"unnamed-chunk-25"},{"row":290,"row_count":1,"visible":true,"expansion_state":0,"options":{"engine":"r","label":"unnamed-chunk-111"},"document_id":"AA1B6795","chunk_id":"cmqqriezaz53s","chunk_label":"unnamed-chunk-26"},{"row":295,"row_count":1,"visible":true,"expansion_state":0,"options":{"engine":"r","label":"unnamed-chunk-96"},"document_id":"AA1B6795","chunk_id":"cibw3q3dmxopf","chunk_label":"unnamed-chunk-27"},{"row":310,"row_count":1,"visible":true,"expansion_state":0,"options":{"engine":"r","label":"unnamed-chunk-100"},"document_id":"AA1B6795","chunk_id":"ckaqlizjrll29","chunk_label":"unnamed-chunk-29"},{"row":320,"row_count":1,"visible":true,"expansion_state":0,"options":{"engine":"r","label":"unnamed-chunk-110"},"document_id":"AA1B6795","chunk_id":"c116v51upmtyz","chunk_label":"unnamed-chunk-30"},{"row":326,"row_count":1,"visible":true,"expansion_state":0,"options":{"engine":"r","label":"unnamed-chunk-114"},"document_id":"AA1B6795","chunk_id":"c2z4ylmu48p26","chunk_label":"unnamed-chunk-31"}],"doc_write_time":1666408938,"working_dir":null,"default_chunk_options":{"error":false,"fig.align":"center","echo":true,"cache":true,"message":false,"warning":false,"collapse":true},"chunk_rendered_width":653}