"0","#examine whether all variables are in correct category - yes"
"0","glimpse(df1)"
"1","Rows: 346"
"1",""
"1","
"
"1","Columns: 11"
"1",""
"1","
"
"1","$ country                                                      [3m[38;5;246m<chr>[39m[23m ""Aruba"", ""Afghan…
$ region                                                       [3m[38;5;246m<chr>[39m[23m ""Latin America &…
$ `Share of population below poverty line`                     [3m[38;5;246m<dbl>[39m[23m NA, NA, NA, 49.0…
$ `Corruption index`                                           [3m[38;5;246m<dbl>[39m[23m NA, 16, NA, 19, …
$ `Literacy rate, adult total (% of people ages 15 and above)` [3m[38;5;246m<dbl>[39m[23m 97.80742, NA, NA…
$ `Age dependency ratio (% of working age population)`         [3m[38;5;246m<dbl>[39m[23m 45.67300, 84.077…
$ `Arable land (% of land area)`                               [3m[38;5;246m<dbl>[39m[23m 11.1111111, 11.9…
$ `Access to electricity (% of population)`                    [3m[38;5;246m<dbl>[39m[23m 100.00000, 96.61…
$ `Annual freshwater withdrawals (billion cubic metres)`       [3m[38;5;246m<dbl>[39m[23m NA, 20.28200, NA…
$ `Government expenditure on education (% of GDP)`             [3m[38;5;246m<dbl>[39m[23m NA, 3.199790, NA…
$ `GDP per capita`                                             [3m[38;5;246m<dbl>[39m[23m NA, 2033.8044, N…"
"1",""
"1","
"
