{"working_dir":null,"default_chunk_options":{"error":false,"fig.align":"center","echo":true,"cache":true,"message":false,"warning":false,"collapse":true},"chunk_definitions":[{"row":28,"row_count":1,"visible":true,"expansion_state":0,"options":{"engine":"r","label":"setup","include":false},"document_id":"525C5EE8","chunk_id":"csetup_chunk","chunk_label":"setup"},{"row":74,"row_count":1,"visible":true,"expansion_state":0,"options":{"engine":"r","label":"unnamed-chunk-38"},"document_id":"525C5EE8","chunk_id":"csdbmd6skydpi","chunk_label":"unnamed-chunk-1"},{"row":89,"row_count":1,"visible":true,"expansion_state":0,"options":{"engine":"r","label":"data"},"document_id":"525C5EE8","chunk_id":"cq1cmkmam1qp9","chunk_label":"data"},{"row":107,"row_count":1,"visible":true,"expansion_state":0,"options":{"engine":"r","label":"04-model1"},"document_id":"525C5EE8","chunk_id":"cax8e6cbu8qjn","chunk_label":"04-model1"},{"row":113,"row_count":1,"visible":true,"expansion_state":0,"options":{"engine":"r","label":"model2","linewidth":56},"document_id":"525C5EE8","chunk_id":"clz9fsqvz1ic8","chunk_label":"model2"},{"row":119,"row_count":1,"visible":true,"expansion_state":0,"options":{"engine":"r","label":"model2-using-update","linewidth":56},"document_id":"525C5EE8","chunk_id":"cqh83fpsqzkkc","chunk_label":"model2-using-update"},{"row":125,"row_count":1,"visible":true,"expansion_state":0,"options":{"engine":"r","label":"model2-w-interaction","linewidth":56},"document_id":"525C5EE8","chunk_id":"cotw9q7jnhwlf","chunk_label":"model2-w-interaction"},{"row":132,"row_count":1,"visible":true,"expansion_state":0,"options":{"engine":"r","label":"model3"},"document_id":"525C5EE8","chunk_id":"ccpv8icoq37j5","chunk_label":"model3"},{"row":162,"row_count":1,"visible":true,"expansion_state":0,"options":{"engine":"r","label":"model1-accuracy","message":false,"warning":false},"document_id":"525C5EE8","chunk_id":"cnggeypfwlf2l","chunk_label":"model1-accuracy"},{"row":182,"row_count":1,"visible":true,"expansion_state":0,"options":{"engine":"r","label":"mult-models","message":false,"warning":false},"document_id":"525C5EE8","chunk_id":"cxhf8scizpsk2","chunk_label":"mult-models"},{"row":196,"row_count":1,"visible":true,"expansion_state":0,"options":{"engine":"r","label":"unnamed-chunk-39"},"document_id":"525C5EE8","chunk_id":"c3zmlmo098ixp","chunk_label":"unnamed-chunk-2"},{"row":207,"row_count":1,"visible":true,"expansion_state":0,"options":{"engine":"r","label":"unnamed-chunk-40"},"document_id":"525C5EE8","chunk_id":"cxct8psnb7ejv","chunk_label":"unnamed-chunk-3"},{"row":228,"row_count":1,"visible":true,"expansion_state":0,"options":{"engine":"r","label":"hyperplane","echo":true,"fig.cap":"Fitted regression line using Ordinary Least Squares."},"document_id":"525C5EE8","chunk_id":"cys13tjmkme09","chunk_label":"hyperplane"},{"row":266,"row_count":1,"visible":true,"expansion_state":0,"options":{"engine":"r","label":"pcr-regression","fig.height":3.5,"fig.width":6,"fig.cap":"The 10-fold cross valdation RMSE obtained using PCR with 1-20 principal components."},"document_id":"525C5EE8","chunk_id":"cto8dqwfmxsr1","chunk_label":"pcr-regression"},{"row":295,"row_count":1,"visible":true,"expansion_state":0,"options":{"engine":"r","label":"pls-regression","fig.height":3.5,"fig.width":6,"fig.cap":"The 10-fold cross valdation RMSE obtained using PLS with 1-20 principal components."},"document_id":"525C5EE8","chunk_id":"cn31t3t5whchw","chunk_label":"pls-regression"},{"row":309,"row_count":1,"visible":true,"expansion_state":0,"options":{"engine":"r","label":"pls-vip","fig.cap":"Top 20 most important variables for the PLS model.","message":false,"warning":false},"document_id":"525C5EE8","chunk_id":"cna3wfpyv6jub","chunk_label":"pls-vip"},{"row":351,"row_count":1,"visible":true,"expansion_state":0,"options":{"engine":"r","label":"unnamed-chunk-41"},"document_id":"525C5EE8","chunk_id":"cnu546sghluuw","chunk_label":"unnamed-chunk-4"},{"row":374,"row_count":1,"visible":true,"expansion_state":0,"options":{"engine":"r","label":"engineering-standardizing-recipes"},"document_id":"525C5EE8","chunk_id":"cnuhartqjtori","chunk_label":"engineering-standardizing-recipes"},{"row":381,"row_count":1,"visible":true,"expansion_state":0,"options":{"engine":"r","label":"unnamed-chunk-42"},"document_id":"525C5EE8","chunk_id":"c9vfyvmm8ulx7","chunk_label":"unnamed-chunk-5"},{"row":400,"row_count":1,"visible":true,"expansion_state":0,"options":{"engine":"r","label":"regularized-regression-data-prep"},"document_id":"525C5EE8","chunk_id":"caeh8lkdxcb4o","chunk_label":"regularized-regression-data-prep"},{"row":424,"row_count":1,"visible":true,"expansion_state":0,"options":{"engine":"r","label":"ridge1","fig.cap":"Coefficients for our ridge regression model as $\\lambda$ grows from  $0 \\rightarrow \\infty$.","fig.height":4.5,"fig.width":7},"document_id":"525C5EE8","chunk_id":"cbj7h8w0p0ab8","chunk_label":"ridge1"},{"row":443,"row_count":1,"visible":true,"expansion_state":0,"options":{"engine":"r","label":"ridge1-results"},"document_id":"525C5EE8","chunk_id":"cbm3iqdbzzmhi","chunk_label":"ridge1-results"},{"row":494,"row_count":1,"visible":true,"expansion_state":0,"options":{"engine":"r","label":"ridge-lasso-cv-models","fig.height":4,"fig.width":9,"fig.cap":"10-fold CV MSE for a ridge and lasso model. First dotted vertical line in each plot represents the $\\lambda$ with the smallest MSE and the second represents the $\\lambda$ with an MSE within one standard error of the minimum MSE."},"document_id":"525C5EE8","chunk_id":"cffmokmv2pmop","chunk_label":"ridge-lasso-cv-models"},{"row":514,"row_count":1,"visible":true,"expansion_state":0,"options":{"engine":"r","label":"ridge-lasso-cv-results"},"document_id":"525C5EE8","chunk_id":"cv7k8p25ho6hf","chunk_label":"ridge-lasso-cv-results"},{"row":526,"row_count":1,"visible":true,"expansion_state":0,"options":{"engine":"r","label":"unnamed-chunk-43"},"document_id":"525C5EE8","chunk_id":"cy2ck78ezzhia","chunk_label":"unnamed-chunk-6"},{"row":559,"row_count":1,"visible":true,"expansion_state":0,"options":{"engine":"r","label":"ridge-lasso-cv-viz-results","fig.height":4,"fig.width":9,"fig.cap":"Coefficients for our ridge and lasso models. First dotted vertical line in each plot represents the $\\lambda$ with the smallest MSE and the second represents the $\\lambda$ with an MSE within one standard error of the minimum MSE."},"document_id":"525C5EE8","chunk_id":"ccc1024uq5dqu","chunk_label":"ridge-lasso-cv-viz-results"},{"row":584,"row_count":1,"visible":true,"expansion_state":0,"options":{"engine":"r","label":"glmnet-elastic-comparison","echo":true,"fig.height":7,"fig.width":9,"fig.cap":"Coefficients for various penalty parameters."},"document_id":"525C5EE8","chunk_id":"cft7bhv6prccu","chunk_label":"glmnet-elastic-comparison"},{"row":607,"row_count":1,"visible":true,"expansion_state":0,"options":{"engine":"r","label":"glmnet-tuning-grid","fig.height":3.5,"fig.width":8,"fig.cap":"The 10-fold cross valdation RMSE across 10 alpha values (x-axis) and 10 lambda values (line color).","message":false,"warning":false},"document_id":"525C5EE8","chunk_id":"cuevmrcnffpz4","chunk_label":"glmnet-tuning-grid"},{"row":619,"row_count":1,"visible":true,"expansion_state":0,"options":{"engine":"r","label":"re-transform"},"document_id":"525C5EE8","chunk_id":"cxumppr8rx4gf","chunk_label":"re-transform"},{"row":629,"row_count":1,"visible":true,"expansion_state":0,"options":{"engine":"r","label":"regularize-vip","fig.cap":"Top 20 most important variables for the optimal regularized regression model.","fig.height":4},"document_id":"525C5EE8","chunk_id":"cu2rkzqdla3g8","chunk_label":"regularize-vip"},{"row":635,"row_count":1,"visible":true,"expansion_state":0,"options":{"engine":"r","label":"regularize-vip2","fig.cap":"Top 20 most important variables for the optimal regularized regression model.","fig.height":4},"document_id":"525C5EE8","chunk_id":"cbkjgglly1k2n","chunk_label":"regularize-vip2"},{"row":662,"row_count":1,"visible":true,"expansion_state":0,"options":{"engine":"r","label":"unnamed-chunk-44"},"document_id":"525C5EE8","chunk_id":"cwwgz1vl28u2x","chunk_label":"unnamed-chunk-8"},{"row":675,"row_count":1,"visible":true,"expansion_state":0,"options":{"engine":"r","label":"unnamed-chunk-45"},"document_id":"525C5EE8","chunk_id":"cphpamnkr4slr","chunk_label":"unnamed-chunk-9"},{"row":692,"row_count":1,"visible":true,"expansion_state":0,"options":{"engine":"r","label":"attrition-modeling","message":false,"warning":false},"document_id":"525C5EE8","chunk_id":"c6iuvlg19eokz","chunk_label":"attrition-modeling"},{"row":708,"row_count":1,"visible":true,"expansion_state":0,"options":{"engine":"r","label":"unnamed-chunk-46"},"document_id":"525C5EE8","chunk_id":"cnf01dhr1w187","chunk_label":"unnamed-chunk-10"},{"row":720,"row_count":1,"visible":true,"expansion_state":0,"options":{"engine":"r","label":"unnamed-chunk-47"},"document_id":"525C5EE8","chunk_id":"c8drt2cnezqkq","chunk_label":"unnamed-chunk-11"}],"doc_write_time":1666285429,"chunk_rendered_width":653}