"0","ames_sub <- ames_train %>%"
"0","  filter(Gr_Liv_Area > 1000 & Gr_Liv_Area < 3000) %>%"
"0","  sample_frac(.5)"
"0","model1 <- lm(Sale_Price ~ Gr_Liv_Area, data = ames_sub)"
"0",""
"0","model1 %>%"
"0","  broom::augment() %>%"
"0","  ggplot(aes(Gr_Liv_Area, Sale_Price)) + "
"0","  geom_segment(aes(x = Gr_Liv_Area, y = Sale_Price,"
"0","                   xend = Gr_Liv_Area, yend = .fitted), "
"0","               alpha = 0.3) +"
"0","  geom_point(size = 1, color = ""red"") +"
"0","  geom_smooth(se = FALSE, method = ""lm"") +"
"0","  scale_y_continuous(labels = scales::dollar)"
"2","`geom_smooth()` using formula 'y ~ x'
"
