{"working_dir":null,"default_chunk_options":{"error":false,"fig.align":"center","echo":true,"cache":true,"message":false,"warning":false,"collapse":true},"chunk_definitions":[{"row":57,"row_count":1,"visible":true,"expansion_state":0,"options":{"engine":"r","label":"setup","include":false},"document_id":"189F1EA0","chunk_id":"csetup_chunk","chunk_label":"setup"},{"row":74,"row_count":1,"visible":true,"expansion_state":0,"options":{"engine":"r","label":"unnamed-chunk-530"},"document_id":"189F1EA0","chunk_id":"ceb3w7j4tvxmm","chunk_label":"unnamed-chunk-1"},{"row":89,"row_count":1,"visible":true,"expansion_state":0,"options":{},"document_id":"189F1EA0","chunk_id":"c5n76hds9jfud","chunk_label":"data"},{"row":131,"row_count":1,"visible":true,"expansion_state":0,"options":{},"document_id":"189F1EA0","chunk_id":"com9ec92o0my7","chunk_label":"out-of-box-rf"},{"row":150,"row_count":1,"visible":true,"expansion_state":0,"options":{},"document_id":"189F1EA0","chunk_id":"ccpf1o6e8kzs1","chunk_label":"LM"},{"row":167,"row_count":1,"visible":true,"expansion_state":0,"options":{},"document_id":"189F1EA0","chunk_id":"cfjhbfpidmf5e","chunk_label":"PCR"},{"row":184,"row_count":1,"visible":true,"expansion_state":0,"options":{},"document_id":"189F1EA0","chunk_id":"cuhwm92afbev8","chunk_label":"PLS"},{"row":208,"row_count":1,"visible":true,"expansion_state":0,"options":{},"document_id":"189F1EA0","chunk_id":"cqa6avumntt1a","chunk_label":"unnamed-chunk-2"},{"row":220,"row_count":1,"visible":true,"expansion_state":0,"options":{},"document_id":"189F1EA0","chunk_id":"cc0931abr6kv2","chunk_label":"unnamed-chunk-3"},{"row":309,"row_count":1,"visible":true,"expansion_state":0,"options":{},"document_id":"189F1EA0","chunk_id":"cy139q5qgssv3","chunk_label":"ranger-grid-search"},{"row":347,"row_count":1,"visible":true,"expansion_state":0,"options":{},"document_id":"189F1EA0","chunk_id":"cs17gto2niehc","chunk_label":"impurity-based vip"},{"row":364,"row_count":1,"visible":true,"expansion_state":0,"options":{},"document_id":"189F1EA0","chunk_id":"csombi6eo407m","chunk_label":"permutation-based vip"},{"row":384,"row_count":1,"visible":true,"expansion_state":0,"options":{},"document_id":"189F1EA0","chunk_id":"c11lt7p26qdx0","chunk_label":"feature-importance-plot"},{"row":400,"row_count":1,"visible":true,"expansion_state":0,"options":{"engine":"r","include":false,"eval":false,"label":"unnamed-chunk-529"},"document_id":"189F1EA0","chunk_id":"cilg8d24414yp","chunk_label":"unnamed-chunk-4"},{"row":416,"row_count":1,"visible":true,"expansion_state":0,"options":{},"document_id":"189F1EA0","chunk_id":"cvidg0frgre9a","chunk_label":"unnamed-chunk-5"},{"row":429,"row_count":1,"visible":true,"expansion_state":0,"options":{},"document_id":"189F1EA0","chunk_id":"cqu6umrx9yvnv","chunk_label":"unnamed-chunk-6"},{"row":440,"row_count":1,"visible":true,"expansion_state":0,"options":{},"document_id":"189F1EA0","chunk_id":"ck87nksz0fwq6","chunk_label":"unnamed-chunk-7"},{"row":458,"row_count":1,"visible":true,"expansion_state":0,"options":{},"document_id":"189F1EA0","chunk_id":"c7hhoonsmwodo","chunk_label":"unnamed-chunk-8"},{"row":462,"row_count":1,"visible":true,"expansion_state":0,"options":{},"document_id":"189F1EA0","chunk_id":"cog9ka5i2xil4","chunk_label":"unnamed-chunk-9"}],"doc_write_time":1664877866}