{"chunk_definitions":[{"row":19,"row_count":1,"visible":true,"expansion_state":0,"options":{"engine":"r","label":"setup","include":false},"document_id":"F44505E1","chunk_id":"csetup_chunk","chunk_label":"setup"},{"row":24,"row_count":1,"visible":true,"expansion_state":0,"options":{"engine":"r","label":"unnamed-chunk-335"},"document_id":"F44505E1","chunk_id":"c6ogr12uuiymc","chunk_label":"unnamed-chunk-1"},{"row":29,"row_count":1,"visible":true,"expansion_state":0,"options":{"engine":"r","label":"unnamed-chunk-336"},"document_id":"F44505E1","chunk_id":"cgt1w827vbz1n","chunk_label":"unnamed-chunk-2"},{"row":45,"row_count":1,"visible":true,"expansion_state":0,"options":{"engine":"r","label":"unnamed-chunk-337"},"document_id":"A8D38012","chunk_id":"cdtkehr9hcza7","chunk_label":"unnamed-chunk-3"},{"row":52,"row_count":1,"visible":true,"expansion_state":0,"options":{"engine":"r","label":"unnamed-chunk-338"},"document_id":"F44505E1","chunk_id":"c5hsol5u1dvaw","chunk_label":"unnamed-chunk-4"},{"row":63,"row_count":1,"visible":true,"expansion_state":0,"options":{"engine":"r","label":"unnamed-chunk-339"},"document_id":"A8D38012","chunk_id":"cqf89vabk60ea","chunk_label":"unnamed-chunk-5"},{"row":74,"row_count":1,"visible":true,"expansion_state":0,"options":{"engine":"r","label":"unnamed-chunk-340"},"document_id":"A8D38012","chunk_id":"cy1hgrx0dnp6b","chunk_label":"unnamed-chunk-6"},{"row":84,"row_count":1,"visible":true,"expansion_state":0,"options":{"engine":"r","label":"unnamed-chunk-341"},"document_id":"F44505E1","chunk_id":"cevageh2s3j88","chunk_label":"unnamed-chunk-7"},{"row":95,"row_count":1,"visible":true,"expansion_state":0,"options":{"engine":"r","label":"unnamed-chunk-342"},"document_id":"A8D38012","chunk_id":"ckcmxuqa0j94a","chunk_label":"unnamed-chunk-8"},{"row":105,"row_count":1,"visible":true,"expansion_state":0,"options":{"engine":"r","label":"unnamed-chunk-343"},"document_id":"F44505E1","chunk_id":"cetn8dk1p336n","chunk_label":"unnamed-chunk-9"},{"row":117,"row_count":1,"visible":true,"expansion_state":0,"options":{"engine":"r","label":"unnamed-chunk-344"},"document_id":"F44505E1","chunk_id":"cabks06m45ypy","chunk_label":"unnamed-chunk-10"},{"row":127,"row_count":1,"visible":true,"expansion_state":0,"options":{"engine":"r","label":"unnamed-chunk-345"},"document_id":"F44505E1","chunk_id":"clrctjkfqzuod","chunk_label":"unnamed-chunk-11"},{"row":138,"row_count":1,"visible":true,"expansion_state":0,"options":{"engine":"r","label":"unnamed-chunk-346"},"document_id":"F44505E1","chunk_id":"clkdsu44eh7cp","chunk_label":"unnamed-chunk-12"},{"row":148,"row_count":1,"visible":true,"expansion_state":0,"options":{"engine":"r","label":"unnamed-chunk-347"},"document_id":"A8D38012","chunk_id":"cxze2huuw4hns","chunk_label":"unnamed-chunk-13"},{"row":166,"row_count":1,"visible":true,"expansion_state":0,"options":{"engine":"r","label":"unnamed-chunk-348"},"document_id":"F44505E1","chunk_id":"ccnvfxsva5hcm","chunk_label":"unnamed-chunk-14"},{"row":179,"row_count":1,"visible":true,"expansion_state":0,"options":{"engine":"r","label":"unnamed-chunk-349"},"document_id":"F44505E1","chunk_id":"cvjia42q7j8zc","chunk_label":"unnamed-chunk-15"},{"row":185,"row_count":1,"visible":true,"expansion_state":0,"options":{"engine":"r","label":"unnamed-chunk-350"},"document_id":"F44505E1","chunk_id":"ctamnde5ewjt3","chunk_label":"unnamed-chunk-16"},{"row":191,"row_count":1,"visible":true,"expansion_state":0,"options":{"engine":"r","label":"unnamed-chunk-351"},"document_id":"A8D38012","chunk_id":"c5m138bu1anre","chunk_label":"unnamed-chunk-17"},{"row":197,"row_count":1,"visible":true,"expansion_state":0,"options":{"engine":"r","label":"unnamed-chunk-352"},"document_id":"A8D38012","chunk_id":"cpa7ilab45j0x","chunk_label":"unnamed-chunk-18"},{"row":205,"row_count":1,"visible":true,"expansion_state":0,"options":{"engine":"r","label":"unnamed-chunk-370"},"document_id":"A8D38012","chunk_id":"cwia12wcifjji","chunk_label":"unnamed-chunk-19"},{"row":210,"row_count":1,"visible":true,"expansion_state":0,"options":{"engine":"r","label":"unnamed-chunk-375"},"document_id":"A8D38012","chunk_id":"c4p659fm9ntwd","chunk_label":"unnamed-chunk-20"},{"row":221,"row_count":1,"visible":true,"expansion_state":0,"options":{"engine":"r","label":"unnamed-chunk-376"},"document_id":"A8D38012","chunk_id":"c0fch6b8r6scd","chunk_label":"unnamed-chunk-21"},{"row":236,"row_count":1,"visible":true,"expansion_state":0,"options":{"engine":"r","label":"unnamed-chunk-298"},"document_id":"A8D38012","chunk_id":"c6wsuifj37fgx","chunk_label":"unnamed-chunk-24"},{"row":243,"row_count":1,"visible":true,"expansion_state":0,"options":{"engine":"r","label":"unnamed-chunk-297"},"document_id":"A8D38012","chunk_id":"c6ryfpxmczdv9","chunk_label":"unnamed-chunk-25"},{"row":250,"row_count":1,"visible":true,"expansion_state":0,"options":{},"document_id":"A8D38012","chunk_id":"cdf9qaeacgr0m","chunk_label":"unnamed-chunk-26"},{"row":256,"row_count":1,"visible":true,"expansion_state":0,"options":{},"document_id":"A8D38012","chunk_id":"cytyjo6po00ir","chunk_label":"unnamed-chunk-27"},{"row":260,"row_count":1,"visible":true,"expansion_state":0,"options":{},"document_id":"A8D38012","chunk_id":"c5sprdb8g8mzl","chunk_label":"unnamed-chunk-28"}],"doc_write_time":1666282208,"working_dir":null,"default_chunk_options":{"error":false,"fig.align":"center","echo":true,"cache":true,"message":false,"warning":false,"collapse":true},"chunk_rendered_width":653}