"0","# perform 10-fold cross validation on a PCR model tuning the "
"0","# number of principal components to use as predictors from 1-20"
"0","set.seed(123)"
"0","cv_model_pcr <- train("
"0","  Sale_Price ~ ., "
"0","  data = ames_train, "
"0","  method = ""pcr"","
"0","  trControl = trainControl(method = ""cv"", number = 10),"
"0","  preProcess = c(""zv"", ""center"", ""scale""),   # remove zero variance features and standardize them"
"0","  tuneLength = 20"
"0","  )"
"0",""
"0","# model with lowest RMSE"
"0","cv_model_pcr$bestTune"
